text,category
AI-powered medical imaging system improves cancer detection,Healthcare
Stock market volatility increases amid global economic uncertainty,Finance
Breakthrough in renewable energy storage technology announced,Tech
Olympic athlete sets new world record in 100m sprint,Sports
Government passes new data privacy legislation,Politics
Major film studio announces upcoming blockbuster sequel,Entertainment
Remote work trends reshape corporate office landscapes,Tech
Cryptocurrency exchange faces regulatory investigation,Finance
New study links diet and mental health outcomes,Healthcare
Professional soccer league expands to new international markets,Sports
Supreme Court hears arguments in high-profile case,Politics
Streaming service secures exclusive rights to major sports league,Entertainment
Biotech startup develops personalized gene therapies,Healthcare
Central bank implements negative interest rates,Finance
Tech company launches next-generation wearable device,Tech
National elections see record voter turnout,Politics
Award-winning actor stars in new science fiction series,Entertainment
Baseball team wins championship after dramatic comeback,Sports
Researchers publish findings on climate change impact,Politics
Music festival returns with expanded lineup and safety measures,Entertainment
